{
  "model": "classical",
  "precision": 0.12871287128700126,
  "recall": 0.11818181818171074,
  "f1": 0.12322274881504906,
  "ap": 0.030303030302988213,
  "n_detections": 101,
  "n_ground_truths": 110
}