{
  "model": "classical",
  "precision": 0.03999999999999059,
  "recall": 0.15454545454531404,
  "f1": 0.06355140186913512,
  "ap": 0.00865800865800591,
  "n_detections": 425,
  "n_ground_truths": 110
}