{
  "model": "zero-shot-yolov8n",
  "precision": 0.03606557377048589,
  "recall": 0.19999999999981818,
  "f1": 0.06111111111109413,
  "ap": 0.006980222702342084,
  "n_detections": 610,
  "n_ground_truths": 110
}